dataset,n,m,ef_construction,threads,algorithm,n_parts,order,params,monolithic_build_calc,leaf_build_calc,budget_calc,merge_calc,merge_to_budget_ratio,total_calc,total_to_rebuild_ratio,net_advantage_calc,partition_wins
bigann10k,10000,16,200,1,IGTM,2,balanced,"{""jump_ef"":5,""local_ef"":7,""merge_ef_construction"":-1,""merge_lambda"":4,""next_step_ef"":3,""next_step_k"":3,""search_M"":5,""search_ef"":40}",19031205,15868251,3162954,2921235,0.9235780855491417,18789486,0.987298807406047,241719,True
bigann10k,10000,16,200,1,CGTM,2,balanced,"{""jump_ef"":15,""local_ef"":5,""merge_ef_construction"":-1,""merge_lambda"":4,""next_step_ef"":6,""next_step_k"":3,""search_M"":5,""search_ef"":40}",19031205,15868251,3162954,3591501,1.1354894823004065,19459752,1.0225181222103383,-428547,False
bigann10k,10000,16,200,1,NGM,2,balanced,"{""jump_ef"":40,""local_ef"":10,""merge_ef_construction"":-1,""merge_lambda"":4,""next_step_ef"":6,""next_step_k"":6,""search_M"":40,""search_ef"":40}",19031205,15868251,3162954,7669388,2.4247548336144,23537639,1.2367918374059867,-4506434,False
bigann10k,10000,16,200,1,TWO_MERGE,2,balanced,"{""jump_ef"":40,""local_ef"":10,""merge_ef_construction"":-1,""merge_lambda"":4,""next_step_ef"":6,""next_step_k"":6,""search_M"":40,""search_ef"":40}",19031205,15868251,3162954,1033751,0.3268308676003508,16902002,0.8881204316804953,2129203,True
bigann10k,10000,16,200,1,SIGM,2,balanced,"{""jump_ef"":40,""local_ef"":10,""merge_ef_construction"":-1,""merge_lambda"":4,""next_step_ef"":6,""next_step_k"":6,""search_M"":40,""search_ef"":40}",19031205,15868251,3162954,10820637,3.4210541790996642,26688888,1.4023750992120572,-7657683,False
bigann100k,100000,16,200,1,IGTM,2,balanced,"{""jump_ef"":40,""local_ef"":10,""merge_ef_construction"":-1,""merge_lambda"":4,""next_step_ef"":6,""next_step_k"":6,""search_M"":40,""search_ef"":40}",280698647,254160691,26537956,58943881,2.221116087463556,313104572,1.1154473858222764,-32405925,False
bigann100k,100000,16,200,1,IGTM,2,balanced,"{""jump_ef"":20,""local_ef"":5,""merge_ef_construction"":-1,""merge_lambda"":4,""next_step_ef"":3,""next_step_k"":3,""search_M"":3,""search_ef"":40}",280698647,254160691,26537956,45136449,1.7008261299400753,299297140,1.0662578647912044,-18598493,False
bigann100k,100000,16,200,1,IGTM,2,balanced,"{""jump_ef"":64,""local_ef"":5,""merge_ef_construction"":-1,""merge_lambda"":4,""next_step_ef"":3,""next_step_k"":3,""search_M"":5,""search_ef"":40}",280698647,254160691,26537956,71016207,2.6760239937092365,325176898,1.1584555233000464,-44478251,False
bigann100k,100000,16,200,1,IGTM,2,balanced,"{""jump_ef"":5,""local_ef"":7,""merge_ef_construction"":-1,""merge_lambda"":4,""next_step_ef"":3,""next_step_k"":3,""search_M"":5,""search_ef"":40}",280698647,254160691,26537956,37424274,1.4102168983926269,291584965,1.0387829372045387,-10886318,False
bigann100k,100000,16,200,1,CGTM,2,balanced,"{""jump_ef"":40,""local_ef"":10,""merge_ef_construction"":-1,""merge_lambda"":4,""next_step_ef"":6,""next_step_k"":6,""search_M"":40,""search_ef"":40}",280698647,254160691,26537956,59397399,2.2382054970623964,313558090,1.1170630615829082,-32859443,False
bigann100k,100000,16,200,1,CGTM,2,balanced,"{""jump_ef"":20,""local_ef"":5,""merge_ef_construction"":-1,""merge_lambda"":4,""next_step_ef"":6,""next_step_k"":3,""search_M"":3,""search_ef"":40}",280698647,254160691,26537956,52382645,1.9738763980164862,306543336,1.0920727238133072,-25844689,False
bigann100k,100000,16,200,1,CGTM,2,balanced,"{""jump_ef"":15,""local_ef"":5,""merge_ef_construction"":-1,""merge_lambda"":4,""next_step_ef"":6,""next_step_k"":3,""search_M"":5,""search_ef"":40}",280698647,254160691,26537956,47276736,1.7814761619169164,301437427,1.0738827216363462,-20738780,False
bigann100k,100000,16,200,1,NGM,2,balanced,"{""jump_ef"":40,""local_ef"":10,""merge_ef_construction"":-1,""merge_lambda"":4,""next_step_ef"":6,""next_step_k"":6,""search_M"":40,""search_ef"":40}",280698647,254160691,26537956,101600002,3.8284788022106904,355760693,1.2674114991370087,-75062046,False
bigann100k,100000,16,200,1,NGM,2,balanced,"{""jump_ef"":40,""local_ef"":10,""merge_ef_construction"":-1,""merge_lambda"":4,""next_step_ef"":6,""next_step_k"":6,""search_M"":40,""search_ef"":20}",280698647,254160691,26537956,66180886,2.4938200214063206,320341577,1.141229501544409,-39642930,False
bigann100k,100000,16,200,1,NGM,2,balanced,"{""jump_ef"":40,""local_ef"":10,""merge_ef_construction"":-1,""merge_lambda"":4,""next_step_ef"":6,""next_step_k"":6,""search_M"":40,""search_ef"":10}",280698647,254160691,26537956,47185483,1.7780375775737967,301346174,1.0735576292250528,-20647527,False
bigann100k,100000,16,200,1,TWO_MERGE,2,balanced,"{""jump_ef"":40,""local_ef"":10,""merge_ef_construction"":-1,""merge_lambda"":1,""next_step_ef"":6,""next_step_k"":6,""search_M"":40,""search_ef"":40}",280698647,254160691,26537956,7620091,0.28713933356434834,261780782,0.9326043598635515,18917865,True
bigann100k,100000,16,200,1,TWO_MERGE,2,balanced,"{""jump_ef"":40,""local_ef"":10,""merge_ef_construction"":-1,""merge_lambda"":2,""next_step_ef"":6,""next_step_k"":6,""search_M"":40,""search_ef"":40}",280698647,254160691,26537956,10217593,0.3850180850401591,264378284,0.9418580631776255,16320363,True
bigann100k,100000,16,200,1,TWO_MERGE,2,balanced,"{""jump_ef"":40,""local_ef"":10,""merge_ef_construction"":-1,""merge_lambda"":4,""next_step_ef"":6,""next_step_k"":6,""search_M"":40,""search_ef"":40}",280698647,254160691,26537956,14773071,0.5566770477726318,268933762,0.958087133209445,11764885,True
bigann100k,100000,16,200,1,TWO_MERGE,2,balanced,"{""jump_ef"":40,""local_ef"":10,""merge_ef_construction"":-1,""merge_lambda"":10,""next_step_ef"":6,""next_step_k"":6,""search_M"":40,""search_ef"":40}",280698647,254160691,26537956,27547676,1.0380481450794476,281708367,1.003597167320867,-1009720,False
bigann100k,100000,16,200,1,TWO_MERGE,2,balanced,"{""jump_ef"":40,""local_ef"":10,""merge_ef_construction"":-1,""merge_lambda"":20,""next_step_ef"":6,""next_step_k"":6,""search_M"":40,""search_ef"":40}",280698647,254160691,26537956,47654615,1.795715352003749,301815306,1.0752289304764622,-21116659,False
bigann100k,100000,16,200,1,SIGM,2,balanced,"{""jump_ef"":40,""local_ef"":10,""merge_ef_construction"":-1,""merge_lambda"":4,""next_step_ef"":6,""next_step_k"":6,""search_M"":40,""search_ef"":40}",280698647,254160691,26537956,153099590,5.76907995476366,407260281,1.4508808124037733,-126561634,False
bigann100k,100000,16,200,1,SIGM,2,balanced,"{""jump_ef"":40,""local_ef"":10,""merge_ef_construction"":48,""merge_lambda"":4,""next_step_ef"":6,""next_step_k"":6,""search_M"":40,""search_ef"":40}",280698647,254160691,26537956,54739663,2.0626932609278574,308900354,1.1004696933932852,-28201707,False
bigann100k,100000,16,200,1,SIGM,2,balanced,"{""jump_ef"":40,""local_ef"":10,""merge_ef_construction"":32,""merge_lambda"":4,""next_step_ef"":6,""next_step_k"":6,""search_M"":40,""search_ef"":40}",280698647,254160691,26537956,39743544,1.4976113458022162,293904235,1.0470454280458288,-13205588,False
bigann100k,100000,16,200,1,SIGM,2,balanced,"{""jump_ef"":40,""local_ef"":10,""merge_ef_construction"":16,""merge_lambda"":4,""next_step_ef"":6,""next_step_k"":6,""search_M"":40,""search_ef"":40}",280698647,254160691,26537956,23677252,0.8922033030727762,277837943,0.9898086291808881,2860704,True
bigann1m,1000000,16,200,1,IGTM,2,balanced,"{""jump_ef"":5,""local_ef"":7,""merge_ef_construction"":-1,""merge_lambda"":4,""next_step_ef"":3,""next_step_k"":3,""search_M"":5,""search_ef"":40}",3722580816,3446547442,276033374,447264331,1.6203270079943304,3893811773,1.0459979152807195,-171230957,False
bigann1m,1000000,16,200,1,CGTM,2,balanced,"{""jump_ef"":15,""local_ef"":5,""merge_ef_construction"":-1,""merge_lambda"":4,""next_step_ef"":6,""next_step_k"":3,""search_M"":5,""search_ef"":40}",3722580816,3446547442,276033374,575069565,2.083333463148554,4021617007,1.0803303422493111,-299036191,False
bigann1m,1000000,16,200,1,NGM,2,balanced,"{""jump_ef"":40,""local_ef"":10,""merge_ef_construction"":-1,""merge_lambda"":4,""next_step_ef"":6,""next_step_k"":6,""search_M"":40,""search_ef"":10}",3722580816,3446547442,276033374,577916416,2.0936468935817882,4024463858,1.0810950942159478,-301883042,False
bigann1m,1000000,16,200,1,NGM,2,balanced,"{""jump_ef"":40,""local_ef"":10,""merge_ef_construction"":-1,""merge_lambda"":4,""next_step_ef"":6,""next_step_k"":6,""search_M"":40,""search_ef"":20}",3722580816,3446547442,276033374,802324194,2.906620248028414,4248871636,1.141377943425151,-526290820,False
bigann1m,1000000,16,200,1,TWO_MERGE,2,balanced,"{""jump_ef"":40,""local_ef"":10,""merge_ef_construction"":-1,""merge_lambda"":1,""next_step_ef"":6,""next_step_k"":6,""search_M"":40,""search_ef"":40}",3722580816,3446547442,276033374,101604915,0.3680892405423411,3548152357,0.9531431370810567,174428459,True
bigann1m,1000000,16,200,1,TWO_MERGE,2,balanced,"{""jump_ef"":40,""local_ef"":10,""merge_ef_construction"":-1,""merge_lambda"":4,""next_step_ef"":6,""next_step_k"":6,""search_M"":40,""search_ef"":40}",3722580816,3446547442,276033374,193966622,0.7026926461435783,3640514064,0.9779543397292358,82066752,True
bigann1m,1000000,16,200,1,TWO_MERGE,2,balanced,"{""jump_ef"":40,""local_ef"":10,""merge_ef_construction"":-1,""merge_lambda"":10,""next_step_ef"":6,""next_step_k"":6,""search_M"":40,""search_ef"":40}",3722580816,3446547442,276033374,346703546,1.2560203897663476,3793250988,1.0189841874476582,-70670172,False
bigann1m,1000000,16,200,1,TWO_MERGE,2,balanced,"{""jump_ef"":40,""local_ef"":10,""merge_ef_construction"":-1,""merge_lambda"":20,""next_step_ef"":6,""next_step_k"":6,""search_M"":40,""search_ef"":40}",3722580816,3446547442,276033374,569996379,2.0649545768331623,4016543821,1.0789675280484226,-293963005,False
bigann1m,1000000,16,200,1,SIGM,2,balanced,"{""jump_ef"":40,""local_ef"":10,""merge_ef_construction"":-1,""merge_lambda"":4,""next_step_ef"":6,""next_step_k"":6,""search_M"":40,""search_ef"":40}",3722580816,3446547442,276033374,1990723004,7.211892443121751,5437270446,1.460618510316849,-1714689630,False
