regime,method,n_parts,ef,recall,d_s
efc200,Monolithic HNSW efc=200,1,10,0.6996,403.0124
efc200,Monolithic HNSW efc=200,1,50,0.9417,1059.7982
efc200,Monolithic HNSW efc=200,1,100,0.9804,1799.0543
efc200,Monolithic HNSW efc=200,1,200,0.9953,3132.6652
efc200,Monolithic HNSW efc=200,1,400,0.999,5486.878
fixed,Layerwise NN-Descent,1,10,0.69054,397.2257
fixed,Layerwise NN-Descent,1,50,0.93084,1058.2698
fixed,Layerwise NN-Descent,1,100,0.97373,1799.5327
fixed,Layerwise NN-Descent,1,200,0.99178,3139.105
fixed,Layerwise NN-Descent,1,400,0.9981,5506.2638
fixed,FastHNSW pg2,1,10,0.74368,448.9941
fixed,FastHNSW pg2,1,50,0.96195,1243.5439
fixed,FastHNSW pg2,1,100,0.98899,2129.1934
fixed,FastHNSW pg2,1,200,0.99749,3701.0641
fixed,FastHNSW pg2,1,400,0.99947,6431.5958
efc32,Monolithic HNSW efc=32,1,10,0.6084,336.9093
efc32,Monolithic HNSW efc=32,1,50,0.8808000000000001,840.7693
efc32,Monolithic HNSW efc=32,1,100,0.9426,1397.9225
efc32,Monolithic HNSW efc=32,1,200,0.9752,2410.6548
efc32,Monolithic HNSW efc=32,1,400,0.9906,4209.4948
efc200,IGTM,2,10,0.5483,311.5679
efc200,IGTM,2,50,0.8723,845.9994
efc200,IGTM,2,100,0.9501,1455.9476000000002
efc200,IGTM,2,200,0.9849,2585.9018
efc200,IGTM,2,400,0.9965,4624.9465
efc200,IGTM,4,10,0.4679,292.4933
efc200,IGTM,4,50,0.8106,807.6086
efc200,IGTM,4,100,0.9128,1391.4146
efc200,IGTM,4,200,0.9688,2490.8215
efc200,IGTM,4,400,0.9912,4495.6111
efc200,IGTM,8,10,0.4011,276.0166
efc200,IGTM,8,50,0.7376999999999999,767.3734
efc200,IGTM,8,100,0.8583,1321.8314
efc200,IGTM,8,200,0.9399000000000001,2377.0373
efc200,IGTM,8,400,0.9795000000000001,4324.446
efc200,IGTM,16,10,0.3465,262.0704
efc200,IGTM,16,50,0.6675999999999999,726.8253
efc200,IGTM,16,100,0.7959999999999999,1248.3333
efc200,IGTM,16,200,0.8953000000000001,2246.8401
efc200,IGTM,16,400,0.9568,4111.5071
efc200,CGTM,2,10,0.5375,311.4418
efc200,CGTM,2,50,0.872,852.3482
efc200,CGTM,2,100,0.9499999999999998,1466.3777
efc200,CGTM,2,200,0.9857999999999999,2605.3937
efc200,CGTM,2,400,0.9968,4659.1481
efc200,CGTM,4,10,0.4581,293.5162
efc200,CGTM,4,50,0.8130000000000001,816.7569
efc200,CGTM,4,100,0.9171999999999999,1408.2432
efc200,CGTM,4,200,0.9719000000000001,2521.1088
efc200,CGTM,4,400,0.9925,4548.6939
efc200,CGTM,8,10,0.3895,275.6049
efc200,CGTM,8,50,0.7418999999999999,775.4711000000001
efc200,CGTM,8,100,0.8667000000000001,1338.1409
efc200,CGTM,8,200,0.9466,2406.8963
efc200,CGTM,8,400,0.9831,4380.9133
efc200,CGTM,16,10,0.3448,261.1614
efc200,CGTM,16,50,0.6774999999999999,733.9616
efc200,CGTM,16,100,0.8097,1260.6319
efc200,CGTM,16,200,0.9101,2272.6203
efc200,CGTM,16,400,0.9647,4164.1524
efc200,NGM,2,10,0.5881,311.5924
efc200,NGM,2,50,0.8905,834.3022
efc200,NGM,2,100,0.956,1434.3899
efc200,NGM,2,200,0.9868,2543.7804
efc200,NGM,2,400,0.9969,4543.3567
efc200,NGM,4,10,0.5434,289.389
efc200,NGM,4,50,0.8544,778.6374
efc200,NGM,4,100,0.9345,1342.6667
efc200,NGM,4,200,0.9767,2394.2775
efc200,NGM,4,400,0.9931,4307.8231
efc200,NGM,8,10,0.5036,276.1674
efc200,NGM,8,50,0.8156,735.8127
efc200,NGM,8,100,0.9058,1262.6031
efc200,NGM,8,200,0.96,2254.2577
efc200,NGM,8,400,0.9851,4072.3651000000004
efc200,NGM,16,10,0.4755,263.6
efc200,NGM,16,50,0.7799,697.7163
efc200,NGM,16,100,0.8752,1191.3494
efc200,NGM,16,200,0.9396999999999999,2124.4309
efc200,NGM,16,400,0.9739999999999999,3844.8269999999998
efc200,HNSWMerger,2,10,0.6562,413.9591
efc200,HNSWMerger,2,50,0.9263,1119.1473
efc200,HNSWMerger,2,100,0.9741,1913.0453
efc200,HNSWMerger,2,200,0.9936000000000001,3348.4077999999995
efc200,HNSWMerger,2,400,0.9986,5883.1136
efc200,HNSWMerger,4,10,0.6201,416.17800000000005
efc200,HNSWMerger,4,50,0.9064,1146.7173
efc200,HNSWMerger,4,100,0.9659,1972.9663
efc200,HNSWMerger,4,200,0.9911,3477.9931999999994
efc200,HNSWMerger,4,400,0.9981,6143.8857
efc200,HNSWMerger,8,10,0.5861,418.22700000000003
efc200,HNSWMerger,8,50,0.8824,1157.6554
efc200,HNSWMerger,8,100,0.9535,1993.8762
efc200,HNSWMerger,8,200,0.9865,3530.7356999999997
efc200,HNSWMerger,8,400,0.9971,6271.748
efc200,HNSWMerger,16,10,0.5585,415.1834999999999
efc200,HNSWMerger,16,50,0.8619,1146.4059
efc200,HNSWMerger,16,100,0.9402,1979.2478
efc200,HNSWMerger,16,200,0.9805,3521.4246
efc200,HNSWMerger,16,400,0.9955000000000002,6294.184700000001
efc32,IGTM,2,10,0.4884,259.2562
efc32,IGTM,2,50,0.8069000000000001,676.5468
efc32,IGTM,2,100,0.8994,1140.6136
efc32,IGTM,2,200,0.9544,2003.8768
efc32,IGTM,2,400,0.9815,3568.3966
efc32,IGTM,4,10,0.4237,250.5486
efc32,IGTM,4,50,0.755,668.7656
efc32,IGTM,4,100,0.8630999999999999,1130.1154
efc32,IGTM,4,200,0.936,2000.0378
efc32,IGTM,4,400,0.973,3588.8456
efc32,IGTM,8,10,0.36780000000000007,242.47989999999996
efc32,IGTM,8,50,0.6911,654.6652
efc32,IGTM,8,100,0.8149000000000001,1109.6151
efc32,IGTM,8,200,0.9053,1970.1741
efc32,IGTM,8,400,0.9575999999999999,3556.0643
efc32,IGTM,16,10,0.3257,235.654
efc32,IGTM,16,50,0.6344,637.9839
efc32,IGTM,16,100,0.7611,1080.1143
efc32,IGTM,16,200,0.864,1919.8942
efc32,IGTM,16,400,0.9324,3481.6358
efc32,CGTM,2,10,0.478,257.5901
efc32,CGTM,2,50,0.8100999999999999,677.9452
efc32,CGTM,2,100,0.903,1144.3718
efc32,CGTM,2,200,0.9574000000000001,2010.6989
efc32,CGTM,2,400,0.9833,3583.5856
efc32,CGTM,4,10,0.42060000000000003,250.179
efc32,CGTM,4,50,0.7613,669.7507
efc32,CGTM,4,100,0.8727,1136.3903
efc32,CGTM,4,200,0.9426,2011.9016
efc32,CGTM,4,400,0.9771,3613.3204
efc32,CGTM,8,10,0.36210000000000003,241.7295
efc32,CGTM,8,50,0.7058,657.3201
efc32,CGTM,8,100,0.8317,1115.8477
efc32,CGTM,8,200,0.9169,1984.2696000000003
efc32,CGTM,8,400,0.9645,3587.679
efc32,CGTM,16,10,0.3264,234.2381
efc32,CGTM,16,50,0.6514,638.8884
efc32,CGTM,16,100,0.7811,1083.4763
efc32,CGTM,16,200,0.8813,1932.7533
efc32,CGTM,16,400,0.9448,3512.0319
efc32,NGM,2,10,0.5334,264.903
efc32,NGM,2,50,0.8344999999999999,683.2963
efc32,NGM,2,100,0.9151000000000001,1154.082
efc32,NGM,2,200,0.9616000000000001,2024.2328
efc32,NGM,2,400,0.9844,3598.2255
efc32,NGM,4,10,0.5018,257.2543
efc32,NGM,4,50,0.8097,670.1158
efc32,NGM,4,100,0.8973,1135.3899
efc32,NGM,4,200,0.9517000000000001,2001.3569
efc32,NGM,4,400,0.9788,3575.8727999999996
efc32,NGM,8,10,0.4723,252.7891
efc32,NGM,8,50,0.7793,657.8174
efc32,NGM,8,100,0.8736,1111.1674
efc32,NGM,8,200,0.9354,1959.5278
efc32,NGM,8,400,0.9701999999999998,3509.7816
efc32,NGM,16,10,0.4537,247.0099
efc32,NGM,16,50,0.7528,641.0463
efc32,NGM,16,100,0.8497,1081.0184
efc32,NGM,16,200,0.9174000000000001,1906.8293999999999
efc32,NGM,16,400,0.9575,3422.3776
efc32,HNSWMerger,2,10,0.6017,365.3218
efc32,HNSWMerger,2,50,0.8773,943.6764
efc32,HNSWMerger,2,100,0.9428,1585.0329
efc32,HNSWMerger,2,200,0.9769,2745.3825999999995
efc32,HNSWMerger,2,400,0.9918,4802.1666
efc32,HNSWMerger,4,10,0.5918,383.02119999999996
efc32,HNSWMerger,4,50,0.874,1018.1263
efc32,HNSWMerger,4,100,0.9418000000000001,1723.2807
efc32,HNSWMerger,4,200,0.9776000000000001,3005.1707
efc32,HNSWMerger,4,400,0.9922999999999998,5273.5629
efc32,HNSWMerger,8,10,0.5752,398.84460000000007
efc32,HNSWMerger,8,50,0.8643,1072.6939
efc32,HNSWMerger,8,100,0.9369999999999999,1825.1335
efc32,HNSWMerger,8,200,0.9762999999999998,3198.3036000000006
efc32,HNSWMerger,8,400,0.9925,5634.0383
efc32,HNSWMerger,16,10,0.5617,404.23960000000005
efc32,HNSWMerger,16,50,0.8545000000000001,1097.7346
efc32,HNSWMerger,16,100,0.9312999999999999,1875.7895
efc32,HNSWMerger,16,200,0.9746,3305.6393000000003
efc32,HNSWMerger,16,400,0.9926,5851.6593
