dataset,n,dim,builder,algorithm,n_parts,m,ef_construction,threads,params,mono_build_calc,partition_build_calc,merge_calc,partition_total_calc,build_saving_calc,net_advantage_calc,merge_to_budget_ratio,partition_wins,run_key,build_saving_per_point,merge_per_point,net_advantage_per_point
bigann100k,100000,128,hnswmerger,CGTM,2,16,32,1,"{""jump_ef"":15,""local_ef"":5,""merge_ef_construction"":-1,""merge_lambda"":4,""next_step_ef"":6,""next_step_k"":3,""search_M"":5,""search_ef"":40}",60579690,55401521,35799648,91201169,5178169,-30621479,6.913572731983062,False,663ded3c02b8,51.78169,357.99648,-306.21479
bigann100k,100000,128,hnswmerger,IGTM,2,16,32,1,"{""jump_ef"":5,""local_ef"":7,""merge_ef_construction"":-1,""merge_lambda"":4,""next_step_ef"":3,""next_step_k"":3,""search_M"":5,""search_ef"":40}",60579690,55401521,27249125,82650646,5178169,-22070956,5.262308935841993,False,bc3680d87c4a,51.78169,272.49125,-220.70956
bigann100k,100000,128,hnswmerger,SIGM,2,16,32,1,"{""jump_ef"":40,""local_ef"":10,""merge_ef_construction"":-1,""merge_lambda"":4,""next_step_ef"":6,""next_step_k"":6,""search_M"":40,""search_ef"":40}",60579690,55401521,32791086,88192607,5178169,-27612917,6.332563885033493,False,989d8faefdae,51.78169,327.91086,-276.12917
bigann100k,100000,128,hnswmerger,TWO_MERGE,2,16,32,1,"{""jump_ef"":40,""local_ef"":10,""merge_ef_construction"":-1,""merge_lambda"":4,""next_step_ef"":6,""next_step_k"":6,""search_M"":40,""search_ef"":40}",60579690,55401521,10460835,65862356,5178169,-5282666,2.0201802992524964,False,00f67c319904,51.78169,104.60835,-52.82666
bigann100k,100000,128,hnswmerger,CGTM,2,16,64,1,"{""jump_ef"":15,""local_ef"":5,""merge_ef_construction"":-1,""merge_lambda"":4,""next_step_ef"":6,""next_step_k"":3,""search_M"":5,""search_ef"":40}",117191123,106527400,42188442,148715842,10663723,-31524719,3.956258241141485,False,c8871ac865fd,106.63723,421.88442,-315.24719
bigann100k,100000,128,hnswmerger,IGTM,2,16,64,1,"{""jump_ef"":5,""local_ef"":7,""merge_ef_construction"":-1,""merge_lambda"":4,""next_step_ef"":3,""next_step_k"":3,""search_M"":5,""search_ef"":40}",117191123,106527400,32969774,139497174,10663723,-22306051,3.091769544276422,False,de0f7d99546b,106.63723,329.69774,-223.06051
bigann100k,100000,128,hnswmerger,SIGM,2,16,64,1,"{""jump_ef"":40,""local_ef"":10,""merge_ef_construction"":-1,""merge_lambda"":4,""next_step_ef"":6,""next_step_k"":6,""search_M"":40,""search_ef"":40}",117191123,106527400,63710375,170237775,10663723,-53046652,5.974496430561822,False,b5186b1d411d,106.63723,637.10375,-530.46652
bigann100k,100000,128,hnswmerger,TWO_MERGE,2,16,64,1,"{""jump_ef"":40,""local_ef"":10,""merge_ef_construction"":-1,""merge_lambda"":4,""next_step_ef"":6,""next_step_k"":6,""search_M"":40,""search_ef"":40}",117191123,106527400,12815220,119342620,10663723,-2151497,1.2017585227973382,False,6f9920605c21,106.63723,128.1522,-21.51497
bigann100k,100000,128,hnswmerger,TWO_MERGE,2,32,64,1,"{""jump_ef"":40,""local_ef"":10,""merge_ef_construction"":-1,""merge_lambda"":4,""next_step_ef"":6,""next_step_k"":6,""search_M"":40,""search_ef"":40}",125320036,114569116,13374430,127943546,10750920,-2623510,1.2440265577271528,False,9795b80916ff,107.5092,133.7443,-26.2351
bigann100k,100000,128,hnswmerger,CGTM,2,16,200,1,"{""jump_ef"":15,""local_ef"":5,""merge_ef_construction"":-1,""merge_lambda"":4,""next_step_ef"":6,""next_step_k"":3,""search_M"":5,""search_ef"":40}",280698647,254160691,47276736,301437427,26537956,-20738780,1.7814761619169164,False,38d79784231b,265.37956,472.76736,-207.3878
bigann100k,100000,128,hnswmerger,CGTM,2,16,200,1,"{""jump_ef"":20,""local_ef"":5,""merge_ef_construction"":-1,""merge_lambda"":4,""next_step_ef"":6,""next_step_k"":3,""search_M"":3,""search_ef"":40}",280698647,254160691,52382645,306543336,26537956,-25844689,1.9738763980164862,False,58ae00b830de,265.37956,523.82645,-258.44689
bigann100k,100000,128,hnswmerger,CGTM,2,16,200,1,"{""jump_ef"":40,""local_ef"":10,""merge_ef_construction"":-1,""merge_lambda"":4,""next_step_ef"":6,""next_step_k"":6,""search_M"":40,""search_ef"":40}",280698647,254160691,59397399,313558090,26537956,-32859443,2.2382054970623964,False,d80a51c4de9b,265.37956,593.97399,-328.59443
bigann100k,100000,128,hnswmerger,IGTM,2,16,200,1,"{""jump_ef"":20,""local_ef"":5,""merge_ef_construction"":-1,""merge_lambda"":4,""next_step_ef"":3,""next_step_k"":3,""search_M"":3,""search_ef"":40}",280698647,254160691,45136449,299297140,26537956,-18598493,1.7008261299400753,False,f2c4b28fb76c,265.37956,451.36449,-185.98493
bigann100k,100000,128,hnswmerger,IGTM,2,16,200,1,"{""jump_ef"":40,""local_ef"":10,""merge_ef_construction"":-1,""merge_lambda"":4,""next_step_ef"":6,""next_step_k"":6,""search_M"":40,""search_ef"":40}",280698647,254160691,58943881,313104572,26537956,-32405925,2.221116087463556,False,2e7054264655,265.37956,589.43881,-324.05925
bigann100k,100000,128,hnswmerger,IGTM,2,16,200,1,"{""jump_ef"":5,""local_ef"":7,""merge_ef_construction"":-1,""merge_lambda"":4,""next_step_ef"":3,""next_step_k"":3,""search_M"":5,""search_ef"":40}",280698647,254160691,37424274,291584965,26537956,-10886318,1.4102168983926269,False,cd513c45edff,265.37956,374.24274,-108.86318
bigann100k,100000,128,hnswmerger,IGTM,2,16,200,1,"{""jump_ef"":64,""local_ef"":5,""merge_ef_construction"":-1,""merge_lambda"":4,""next_step_ef"":3,""next_step_k"":3,""search_M"":5,""search_ef"":40}",280698647,254160691,71016207,325176898,26537956,-44478251,2.6760239937092365,False,7bb2f23770dd,265.37956,710.16207,-444.78251
bigann100k,100000,128,hnswmerger,NGM,2,16,200,1,"{""jump_ef"":40,""local_ef"":10,""merge_ef_construction"":-1,""merge_lambda"":4,""next_step_ef"":6,""next_step_k"":6,""search_M"":40,""search_ef"":10}",280698647,254160691,47185483,301346174,26537956,-20647527,1.7780375775737967,False,2e4d96d22b0e,265.37956,471.85483,-206.47527
bigann100k,100000,128,hnswmerger,NGM,2,16,200,1,"{""jump_ef"":40,""local_ef"":10,""merge_ef_construction"":-1,""merge_lambda"":4,""next_step_ef"":6,""next_step_k"":6,""search_M"":40,""search_ef"":20}",280698647,254160691,66180886,320341577,26537956,-39642930,2.4938200214063206,False,7fd1fee2e036,265.37956,661.80886,-396.4293
bigann100k,100000,128,hnswmerger,NGM,2,16,200,1,"{""jump_ef"":40,""local_ef"":10,""merge_ef_construction"":-1,""merge_lambda"":4,""next_step_ef"":6,""next_step_k"":6,""search_M"":40,""search_ef"":40}",280698647,254160691,101600002,355760693,26537956,-75062046,3.8284788022106904,False,79468f33d1ce,265.37956,1016.00002,-750.62046
bigann100k,100000,128,hnswmerger,SIGM,2,16,200,1,"{""jump_ef"":40,""local_ef"":10,""merge_ef_construction"":-1,""merge_lambda"":4,""next_step_ef"":6,""next_step_k"":6,""search_M"":40,""search_ef"":40}",280698647,254160691,153099590,407260281,26537956,-126561634,5.76907995476366,False,04c67414f41f,265.37956,1530.9959,-1265.61634
bigann100k,100000,128,hnswmerger,SIGM,2,16,200,1,"{""jump_ef"":40,""local_ef"":10,""merge_ef_construction"":16,""merge_lambda"":4,""next_step_ef"":6,""next_step_k"":6,""search_M"":40,""search_ef"":40}",280698647,254160691,23677252,277837943,26537956,2860704,0.8922033030727762,True,075c30de1c1e,265.37956,236.77252,28.60704
bigann100k,100000,128,hnswmerger,SIGM,2,16,200,1,"{""jump_ef"":40,""local_ef"":10,""merge_ef_construction"":32,""merge_lambda"":4,""next_step_ef"":6,""next_step_k"":6,""search_M"":40,""search_ef"":40}",280698647,254160691,39743544,293904235,26537956,-13205588,1.4976113458022162,False,7a771c8460b6,265.37956,397.43544,-132.05588
bigann100k,100000,128,hnswmerger,SIGM,2,16,200,1,"{""jump_ef"":40,""local_ef"":10,""merge_ef_construction"":48,""merge_lambda"":4,""next_step_ef"":6,""next_step_k"":6,""search_M"":40,""search_ef"":40}",280698647,254160691,54739663,308900354,26537956,-28201707,2.0626932609278574,False,f6dfcb98d9c9,265.37956,547.39663,-282.01707
bigann100k,100000,128,hnswmerger,TWO_MERGE,2,16,200,1,"{""jump_ef"":40,""local_ef"":10,""merge_ef_construction"":-1,""merge_lambda"":1,""next_step_ef"":6,""next_step_k"":6,""search_M"":40,""search_ef"":40}",280698647,254160691,7620091,261780782,26537956,18917865,0.28713933356434834,True,fe04f982f9af,265.37956,76.20091,189.17865
bigann100k,100000,128,hnswmerger,TWO_MERGE,2,16,200,1,"{""jump_ef"":40,""local_ef"":10,""merge_ef_construction"":-1,""merge_lambda"":10,""next_step_ef"":6,""next_step_k"":6,""search_M"":40,""search_ef"":40}",280698647,254160691,27547676,281708367,26537956,-1009720,1.0380481450794476,False,073b10d14329,265.37956,275.47676,-10.0972
bigann100k,100000,128,hnswmerger,TWO_MERGE,2,16,200,1,"{""jump_ef"":40,""local_ef"":10,""merge_ef_construction"":-1,""merge_lambda"":2,""next_step_ef"":6,""next_step_k"":6,""search_M"":40,""search_ef"":40}",280698647,254160691,10217593,264378284,26537956,16320363,0.3850180850401591,True,1c3e2c30709f,265.37956,102.17593,163.20363
bigann100k,100000,128,hnswmerger,TWO_MERGE,2,16,200,1,"{""jump_ef"":40,""local_ef"":10,""merge_ef_construction"":-1,""merge_lambda"":20,""next_step_ef"":6,""next_step_k"":6,""search_M"":40,""search_ef"":40}",280698647,254160691,47654615,301815306,26537956,-21116659,1.795715352003749,False,14ff66ef6e15,265.37956,476.54615,-211.16659
bigann100k,100000,128,hnswmerger,TWO_MERGE,2,16,200,1,"{""jump_ef"":40,""local_ef"":10,""merge_ef_construction"":-1,""merge_lambda"":4,""next_step_ef"":6,""next_step_k"":6,""search_M"":40,""search_ef"":40}",280698647,254160691,14773071,268933762,26537956,11764885,0.5566770477726318,True,7bd1011276cf,265.37956,147.73071,117.64885
bigann10k,10000,128,hnswmerger,CGTM,2,16,200,1,"{""jump_ef"":15,""local_ef"":5,""merge_ef_construction"":-1,""merge_lambda"":4,""next_step_ef"":6,""next_step_k"":3,""search_M"":5,""search_ef"":40}",19031205,15868251,3591501,19459752,3162954,-428547,1.1354894823004065,False,c7d99249dff5,316.2954,359.1501,-42.8547
bigann10k,10000,128,hnswmerger,IGTM,2,16,200,1,"{""jump_ef"":5,""local_ef"":7,""merge_ef_construction"":-1,""merge_lambda"":4,""next_step_ef"":3,""next_step_k"":3,""search_M"":5,""search_ef"":40}",19031205,15868251,2921235,18789486,3162954,241719,0.9235780855491417,True,395390ebb9db,316.2954,292.1235,24.1719
bigann10k,10000,128,hnswmerger,NGM,2,16,200,1,"{""jump_ef"":40,""local_ef"":10,""merge_ef_construction"":-1,""merge_lambda"":4,""next_step_ef"":6,""next_step_k"":6,""search_M"":40,""search_ef"":40}",19031205,15868251,7669388,23537639,3162954,-4506434,2.4247548336144,False,93b79fcec487,316.2954,766.9388,-450.6434
bigann10k,10000,128,hnswmerger,SIGM,2,16,200,1,"{""jump_ef"":40,""local_ef"":10,""merge_ef_construction"":-1,""merge_lambda"":4,""next_step_ef"":6,""next_step_k"":6,""search_M"":40,""search_ef"":40}",19031205,15868251,10820637,26688888,3162954,-7657683,3.4210541790996642,False,68984e70dbe5,316.2954,1082.0637,-765.7683
bigann10k,10000,128,hnswmerger,TWO_MERGE,2,16,200,1,"{""jump_ef"":40,""local_ef"":10,""merge_ef_construction"":-1,""merge_lambda"":4,""next_step_ef"":6,""next_step_k"":6,""search_M"":40,""search_ef"":40}",19031205,15868251,1033751,16902002,3162954,2129203,0.3268308676003508,True,a533869c0551,316.2954,103.3751,212.9203
bigann10m,10000000,128,hnswmerger,CGTM,2,16,32,1,"{""jump_ef"":15,""local_ef"":5,""merge_ef_construction"":-1,""merge_lambda"":4,""next_step_ef"":6,""next_step_k"":3,""search_M"":5,""search_ef"":40}",9721310055,9210526944,5059122928,14269649872,510783111,-4548339817,9.90464018689921,False,772d1516352b,51.0783111,505.9122928,-454.8339817
bigann10m,10000000,128,hnswmerger,IGTM,2,16,32,1,"{""jump_ef"":5,""local_ef"":7,""merge_ef_construction"":-1,""merge_lambda"":4,""next_step_ef"":3,""next_step_k"":3,""search_M"":5,""search_ef"":40}",9721310055,9210526944,3560915563,12771442507,510783111,-3050132452,6.971482584904809,False,df9b5d46bb33,51.0783111,356.0915563,-305.0132452
bigann10m,10000000,128,hnswmerger,SIGM,2,16,32,1,"{""jump_ef"":40,""local_ef"":10,""merge_ef_construction"":-1,""merge_lambda"":4,""next_step_ef"":6,""next_step_k"":6,""search_M"":40,""search_ef"":40}",9721310055,9210526944,5136649649,14347176593,510783111,-4625866538,10.056420305173324,False,cd1426045ddf,51.0783111,513.6649649,-462.5866538
bigann10m,10000000,128,hnswmerger,TWO_MERGE,2,16,32,1,"{""jump_ef"":40,""local_ef"":10,""merge_ef_construction"":-1,""merge_lambda"":4,""next_step_ef"":6,""next_step_k"":6,""search_M"":40,""search_ef"":40}",9721310055,9210526944,1612875205,10823402149,510783111,-1102092094,3.157651790487646,False,23a2b41c9920,51.0783111,161.2875205,-110.2092094
bigann10m,10000000,128,hnswmerger,CGTM,2,16,64,1,"{""jump_ef"":15,""local_ef"":5,""merge_ef_construction"":-1,""merge_lambda"":4,""next_step_ef"":6,""next_step_k"":3,""search_M"":5,""search_ef"":40}",19391767013,18282992074,6017285366,24300277440,1108774939,-4908510427,5.426967326143723,False,ff9220b6473a,110.8774939,601.7285366,-490.8510427
bigann10m,10000000,128,hnswmerger,IGTM,2,16,64,1,"{""jump_ef"":5,""local_ef"":7,""merge_ef_construction"":-1,""merge_lambda"":4,""next_step_ef"":3,""next_step_k"":3,""search_M"":5,""search_ef"":40}",19391767013,18282992074,4435036322,22718028396,1108774939,-3326261383,3.999942789110965,False,66ef6d7e64b8,110.8774939,443.5036322,-332.6261383
bigann10m,10000000,128,hnswmerger,SIGM,2,16,64,1,"{""jump_ef"":40,""local_ef"":10,""merge_ef_construction"":-1,""merge_lambda"":4,""next_step_ef"":6,""next_step_k"":6,""search_M"":40,""search_ef"":40}",19391767013,18282992074,10279090042,28562082116,1108774939,-9170315103,9.270673137030562,False,8f73185d2a36,110.8774939,1027.9090042,-917.0315103
bigann10m,10000000,128,hnswmerger,TWO_MERGE,2,16,64,1,"{""jump_ef"":40,""local_ef"":10,""merge_ef_construction"":-1,""merge_lambda"":4,""next_step_ef"":6,""next_step_k"":6,""search_M"":40,""search_ef"":40}",19391767013,18282992074,2035051045,20318043119,1108774939,-926276106,1.8354049802346768,False,0442a25e17bf,110.8774939,203.5051045,-92.6276106
bigann10m,10000000,128,hnswmerger,CGTM,2,16,200,1,"{""jump_ef"":15,""local_ef"":5,""merge_ef_construction"":-1,""merge_lambda"":4,""next_step_ef"":6,""next_step_k"":3,""search_M"":5,""search_ef"":40}",45127233081,42707266981,6646351186,49353618167,2419966100,-4226385086,2.7464645831195735,False,9231235a1c34,241.99661,664.6351186,-422.6385086
bigann10m,10000000,128,hnswmerger,IGTM,2,16,200,1,"{""jump_ef"":5,""local_ef"":7,""merge_ef_construction"":-1,""merge_lambda"":4,""next_step_ef"":3,""next_step_k"":3,""search_M"":5,""search_ef"":40}",45127233081,42707266981,5023845875,47731112856,2419966100,-2603879775,2.075998450970036,False,0351db1613fa,241.99661,502.3845875,-260.3879775
bigann10m,10000000,128,hnswmerger,NGM,2,16,200,1,"{""jump_ef"":40,""local_ef"":10,""merge_ef_construction"":-1,""merge_lambda"":4,""next_step_ef"":6,""next_step_k"":6,""search_M"":40,""search_ef"":10}",45127233081,42707266981,6648408028,49355675009,2419966100,-4228441928,2.7473145297365944,False,2826c66d9715,241.99661,664.8408028,-422.8441928
bigann10m,10000000,128,hnswmerger,NGM,2,16,200,1,"{""jump_ef"":40,""local_ef"":10,""merge_ef_construction"":-1,""merge_lambda"":4,""next_step_ef"":6,""next_step_k"":6,""search_M"":40,""search_ef"":20}",45127233081,42707266981,9144503019,51851770000,2419966100,-6724536919,3.7787731898393124,False,f1caecab5d2a,241.99661,914.4503019,-672.4536919
bigann10m,10000000,128,hnswmerger,SIGM,2,16,200,1,"{""jump_ef"":40,""local_ef"":10,""merge_ef_construction"":-1,""merge_lambda"":4,""next_step_ef"":6,""next_step_k"":6,""search_M"":40,""search_ef"":40}",45127233081,42707266981,23793012289,66500279270,2419966100,-21373046189,9.831960988627072,False,4dbabd354c69,241.99661,2379.3012289,-2137.3046189
bigann10m,10000000,128,hnswmerger,TWO_MERGE,2,16,200,1,"{""jump_ef"":40,""local_ef"":10,""merge_ef_construction"":-1,""merge_lambda"":1,""next_step_ef"":6,""next_step_k"":6,""search_M"":40,""search_ef"":40}",45127233081,42707266981,1262889370,43970156351,2419966100,1157076730,0.5218624219570679,True,fbd37304c5fb,241.99661,126.288937,115.707673
bigann10m,10000000,128,hnswmerger,TWO_MERGE,2,16,200,1,"{""jump_ef"":40,""local_ef"":10,""merge_ef_construction"":-1,""merge_lambda"":10,""next_step_ef"":6,""next_step_k"":6,""search_M"":40,""search_ef"":40}",45127233081,42707266981,4001659736,46708926717,2419966100,-1581693636,1.6536015673938573,False,f5ffa6d68968,241.99661,400.1659736,-158.1693636
bigann10m,10000000,128,hnswmerger,TWO_MERGE,2,16,200,1,"{""jump_ef"":40,""local_ef"":10,""merge_ef_construction"":-1,""merge_lambda"":20,""next_step_ef"":6,""next_step_k"":6,""search_M"":40,""search_ef"":40}",45127233081,42707266981,6345665984,49052932965,2419966100,-3925699884,2.622212759096088,False,f2c5650d914e,241.99661,634.5665984,-392.5699884
bigann10m,10000000,128,hnswmerger,TWO_MERGE,2,16,200,1,"{""jump_ef"":40,""local_ef"":10,""merge_ef_construction"":-1,""merge_lambda"":4,""next_step_ef"":6,""next_step_k"":6,""search_M"":40,""search_ef"":40}",45127233081,42707266981,2338024543,45045291524,2419966100,81941557,0.9661393781507931,True,50620d9c3bba,241.99661,233.8024543,8.1941557
bigann1m,1000000,128,hnswmerger,CGTM,2,16,32,1,"{""jump_ef"":15,""local_ef"":5,""merge_ef_construction"":-1,""merge_lambda"":4,""next_step_ef"":6,""next_step_k"":3,""search_M"":5,""search_ef"":40}",802236542,739656444,437785171,1177441615,62580098,-375205073,6.995597402228421,False,5139377ce2d3,62.580098,437.785171,-375.205073
bigann1m,1000000,128,hnswmerger,IGTM,2,16,32,1,"{""jump_ef"":5,""local_ef"":7,""merge_ef_construction"":-1,""merge_lambda"":4,""next_step_ef"":3,""next_step_k"":3,""search_M"":5,""search_ef"":40}",802236542,739656444,323016381,1062672825,62580098,-260436283,5.161647094256708,False,c90fd1415758,62.580098,323.016381,-260.436283
bigann1m,1000000,128,hnswmerger,SIGM,2,16,32,1,"{""jump_ef"":40,""local_ef"":10,""merge_ef_construction"":-1,""merge_lambda"":4,""next_step_ef"":6,""next_step_k"":6,""search_M"":40,""search_ef"":40}",802236542,739656444,428245185,1167901629,62580098,-365665087,6.843152994103653,False,3e7ee969f406,62.580098,428.245185,-365.665087
bigann1m,1000000,128,hnswmerger,TWO_MERGE,2,16,32,1,"{""jump_ef"":40,""local_ef"":10,""merge_ef_construction"":-1,""merge_lambda"":4,""next_step_ef"":6,""next_step_k"":6,""search_M"":40,""search_ef"":40}",802236542,739656444,136649924,876306368,62580098,-74069826,2.183600351664518,False,db4bf2f4f0be,62.580098,136.649924,-74.069826
bigann1m,1000000,128,hnswmerger,CGTM,2,16,64,1,"{""jump_ef"":15,""local_ef"":5,""merge_ef_construction"":-1,""merge_lambda"":4,""next_step_ef"":6,""next_step_k"":3,""search_M"":5,""search_ef"":40}",1577688044,1451271692,519330321,1970602013,126416352,-392913969,4.108094505052637,False,88f35927f353,126.416352,519.330321,-392.913969
bigann1m,1000000,128,hnswmerger,IGTM,2,16,64,1,"{""jump_ef"":5,""local_ef"":7,""merge_ef_construction"":-1,""merge_lambda"":4,""next_step_ef"":3,""next_step_k"":3,""search_M"":5,""search_ef"":40}",1577688044,1451271692,396645671,1847917363,126416352,-270229319,3.13761364510819,False,083abcf1d66b,126.416352,396.645671,-270.229319
bigann1m,1000000,128,hnswmerger,SIGM,2,16,64,1,"{""jump_ef"":40,""local_ef"":10,""merge_ef_construction"":-1,""merge_lambda"":4,""next_step_ef"":6,""next_step_k"":6,""search_M"":40,""search_ef"":40}",1577688044,1451271692,846167188,2297438880,126416352,-719750836,6.69349474662898,False,29179fa7845d,126.416352,846.167188,-719.750836
bigann1m,1000000,128,hnswmerger,TWO_MERGE,2,16,64,1,"{""jump_ef"":40,""local_ef"":10,""merge_ef_construction"":-1,""merge_lambda"":4,""next_step_ef"":6,""next_step_k"":6,""search_M"":40,""search_ef"":40}",1577688044,1451271692,169951886,1621223578,126416352,-43535534,1.3443821413229833,False,1a9fe89904da,126.416352,169.951886,-43.535534
bigann1m,1000000,128,hnswmerger,CGTM,2,16,200,1,"{""jump_ef"":15,""local_ef"":5,""merge_ef_construction"":-1,""merge_lambda"":4,""next_step_ef"":6,""next_step_k"":3,""search_M"":5,""search_ef"":40}",3722580816,3446547442,575069565,4021617007,276033374,-299036191,2.083333463148554,False,29c4ff548e6d,276.033374,575.069565,-299.036191
bigann1m,1000000,128,hnswmerger,IGTM,2,16,200,1,"{""jump_ef"":5,""local_ef"":7,""merge_ef_construction"":-1,""merge_lambda"":4,""next_step_ef"":3,""next_step_k"":3,""search_M"":5,""search_ef"":40}",3722580816,3446547442,447264331,3893811773,276033374,-171230957,1.6203270079943304,False,cc59553d2d51,276.033374,447.264331,-171.230957
bigann1m,1000000,128,hnswmerger,NGM,2,16,200,1,"{""jump_ef"":40,""local_ef"":10,""merge_ef_construction"":-1,""merge_lambda"":4,""next_step_ef"":6,""next_step_k"":6,""search_M"":40,""search_ef"":10}",3722580816,3446547442,577916416,4024463858,276033374,-301883042,2.0936468935817882,False,9eb587f50cee,276.033374,577.916416,-301.883042
bigann1m,1000000,128,hnswmerger,NGM,2,16,200,1,"{""jump_ef"":40,""local_ef"":10,""merge_ef_construction"":-1,""merge_lambda"":4,""next_step_ef"":6,""next_step_k"":6,""search_M"":40,""search_ef"":20}",3722580816,3446547442,802324194,4248871636,276033374,-526290820,2.906620248028414,False,9cf358d1bfab,276.033374,802.324194,-526.29082
bigann1m,1000000,128,hnswmerger,SIGM,2,16,200,1,"{""jump_ef"":40,""local_ef"":10,""merge_ef_construction"":-1,""merge_lambda"":4,""next_step_ef"":6,""next_step_k"":6,""search_M"":40,""search_ef"":40}",3722580816,3446547442,1990723004,5437270446,276033374,-1714689630,7.211892443121751,False,b57428a5358e,276.033374,1990.723004,-1714.68963
bigann1m,1000000,128,hnswmerger,TWO_MERGE,2,16,200,1,"{""jump_ef"":40,""local_ef"":10,""merge_ef_construction"":-1,""merge_lambda"":1,""next_step_ef"":6,""next_step_k"":6,""search_M"":40,""search_ef"":40}",3722580816,3446547442,101604915,3548152357,276033374,174428459,0.3680892405423411,True,cb50040f9bbe,276.033374,101.604915,174.428459
bigann1m,1000000,128,hnswmerger,TWO_MERGE,2,16,200,1,"{""jump_ef"":40,""local_ef"":10,""merge_ef_construction"":-1,""merge_lambda"":10,""next_step_ef"":6,""next_step_k"":6,""search_M"":40,""search_ef"":40}",3722580816,3446547442,346703546,3793250988,276033374,-70670172,1.2560203897663476,False,6ca26c224a2c,276.033374,346.703546,-70.670172
bigann1m,1000000,128,hnswmerger,TWO_MERGE,2,16,200,1,"{""jump_ef"":40,""local_ef"":10,""merge_ef_construction"":-1,""merge_lambda"":20,""next_step_ef"":6,""next_step_k"":6,""search_M"":40,""search_ef"":40}",3722580816,3446547442,569996379,4016543821,276033374,-293963005,2.0649545768331623,False,87b5458a40c3,276.033374,569.996379,-293.963005
bigann1m,1000000,128,hnswmerger,TWO_MERGE,2,16,200,1,"{""jump_ef"":40,""local_ef"":10,""merge_ef_construction"":-1,""merge_lambda"":4,""next_step_ef"":6,""next_step_k"":6,""search_M"":40,""search_ef"":40}",3722580816,3446547442,193966622,3640514064,276033374,82066752,0.7026926461435783,True,5daad962da48,276.033374,193.966622,82.066752
